movie_id,title,Action,Comedy,Drama,Romance,SciFi
1,Midnight Chase,1,0,0,0,0
2,Nairobi Love Story,0,0,1,1,0
3,The Last Guardian,1,0,1,0,0
4,Weekend Laughs,0,1,0,0,0
5,Orbit Beyond Earth,0,0,0,0,1
6,Letters We Never Sent,0,0,1,1,0
7,The Silent Detective,1,0,1,0,0
8,Mars Frontier,1,0,0,0,1
9,A Wedding in Karen,0,1,1,1,0
10,Secrets of the City,0,0,1,0,0
11,Code Breakers,1,0,0,0,1
12,Safari Adventure,1,0,0,0,0
13,The Family Table,0,1,1,0,0
14,Hearts Across Borders,0,0,1,1,0
15,Storm Protocol,1,0,1,0,1
